"MS","Expert ER Usage","Stages required SP or UR2","Total Stages","Type","Rarity"
"SSR Virsago Chest Break","2, 5, 9, 11, 19, 24","11","6","Attacker","SSR"
"SR Freedom","3, 15, 20, 24","3, 15, 20, 24","5","Attacker","SR"
"Casval","1, 4, 7, 9, 28","1, 4, 28","5","Attacker","ULT"
"Gold Frame Amatsu","2, 3, 5, 11, 20","2, 3","5","Attacker","SSR"
"Wing EW","4, 9, 11, 22","22","4","Attacker","SSR"
"SSR Aerial Rebuild","2, 4, 9, 17","4, 17","4","Attacker","SSR"
"Dark Gundam (Final Form)","2, 9, 12, 16","9, 16","4","Attacker","SSR"
"Wing Zero","2, 4, 15, 22","","4","Supporter","SSR"
"AGE-2 Normal","2, 9, 11, 21","","4","Defender","SSR"
"SSR Zeta","4, 8, 10, 28","28","4","Supporter","SSR"
"Tallgeese II","2, 5, 11, 22","","4","Defender","SSR"
"G-Falcon DX","2, 4, 19, 28","2, 28","4","Attacker","SSR"
"Strike Freedom Meteor","3, 4, 16, 18","3, 4, 16","4","Attacker","SSR"
"SSR Barbatos 6th Form","9, 14, 16","9","3","Attacker","SSR"
"SSR Banshee Norn","5, 11, 24","","3","Supporter","SSR"
"Delta Kai","4, 11, 13","","3","Attacker","ULT"
"SSR Nu","4, 6, 15","4, 6, 15","3","Attacker","SSR"
"SSR Psycho Zaku","1, 5, 11","5","3","Attacker","SSR"
"SSR Barbatos Lupus Rex","9, 14, 15","9, 14, 15","3","Attacker","SSR"
"Apsaras III","5, 7, 16","","3","Attacker","SSR"
"Infinite Justice","16, 18, 24","","3","Attacker","SSR"
"SSR Penelope","1, 16, 24","1","3","Attacker","SSR"
"Barbatos Lupus","9, 14, 16","9","3","Attacker","SSR"
"Knight Gundam","4, 9, 16","","3","Defender","SSR"
"Lfrith Ur","2, 9, 17","","3","Defender","SSR"
"Zeta III P2","4, 8, 11","","3","Supporter","ULT"
"Lfrith Thorn","2, 11, 17","","3","Supporter","SSR"
"Support Hyaku Shiki","8, 10, 16","","3","Supporter","SSR"
"AGE-2 Double Bullet","2, 9, 15, 21","9, 21","3","Attacker","SSR"
"SSR 00 Final Battle","2, 11, 23","2, 11, 23","3","Attacker","SSR"
"Elpeo Ple's Qubeley Mk-II","9, 10, 11","","3","Supporter","SSR"
"Altron EW","9, 15, 22","9, 15, 22","3","Attacker","SSR"
"Kimaris Vidar","5, 15, 24","","3","Supporter","SSR"
"Red Gundam (0085)","1, 7, 28","","3","Supporter","SSR"
"Attack Hyaku Shiki","8, 10, 28","28","3","Attacker","SSR"
"SSR Sazabi","1, 5, 6","","3","Supporter","SSR"
"SSR Hi Nu","1, 6, 16","1","3","Defender","SSR"
"Shiranui Akatsuki","2, 16, 18","","3","Defender","SSR"
"SSR Xi","1, 6, 28","","3","Defender","SSR"
"SSR Phenex (Destroy)","1, 25, 28","1, 25, 28","3","Attacker","SSR"
"SSR Char's Zaku (Origin)","1, 9, 28","1, 9, 28","3","Supporter","SSR"
"Attacker Hyperion","3, 5, 20","","3","Attacker","SSR"
"Gold Frame Amatsu Mina","3, 15, 18","3, 15, 18","3","Supporter","SSR"
"Hyperion","5, 15","","2","Defender","ULT"
"Justice Meteor","5, 20","","2","Attacker","SSR"
"Perfect Strike","4, 20","","2","Supporter","SSR"
"Altron","22, 24","","2","Attacker","SSR"
"X Divider","4, 19","","2","Defender","SSR"
"Khronos","9, 21","","2","Supporter","SSR"
"Flauros ""Ryusei-Go""","9, 14","","2","Attacker","SSR"
"Blue Destiny Unit-2","1, 5","","2","Attacker","SSR"
"SSR FA ZZ","10, 16","10","2","Attacker","SSR"
"Neo Zeong","5, 13","13","2","Attacker","SSR"
"Byarlant Custom 02","11, 13","","2","Attacker","SSR"
"Gundam GP04","4, 7","","2","Attacker","SSR"
"Astaroth Rinascimento","2, 11","","2","Attacker","SSR"
"Musha","9, 11","","2","Attacker","SSR"
"Wing Proto Zero EW","22, 24","22, 24","2","Attacker","SR"
"SSR The-O","8, 16","","2","Defender","SSR"
"SSR Neue Ziel","1, 11","","2","Defender","SSR"
"Attack Psycho Gundam","8, 11","8, 11","2","Attacker","SSR"
"Defend Psycho Gundam","8, 16","","2","Defender","SSR"
"Alpha Azieru","6, 11","","2","Defender","SSR"
"Gyan Eos","1, 7","","2","Defender","SSR"
"Providence","3, 20","","2","Defender","SSR"
"NT-1 Chobham","4, 24","","2","Defender","SSR"
"Ashtaron Hermit Crab","19, 24","","2","Defender","SSR"
"Barbatos Limiter OFF","2, 14","","2","Supporter","ULT"
"Grand Master","12, 15","","2","Supporter","SSR"
"Kshatriya Repaired","11, 13","","2","Supporter","SSR"
"SSR Strike Freedom","16, 18","","2","Supporter","SSR"
"SSR Zeong","1, 16","","2","Supporter","SSR"
"Airmaster Burst","9, 19","","2","Supporter","SSR"
"AGE-2 Artimes","9, 21","","2","Supporter","SSR"
"Concert Zaku","3, 9","","2","Supporter","SSR"
"00 Raiser","2, 23","","2","Supporter","SSR"
"Infinite Justice Meteor","18, 24","","2","Supporter","SSR"
"Alyzeus","6, 24","","2","Supporter","SSR"
"Seravee GNHW/B","9, 23","","2","Supporter","SSR"
"Heavyarms Custom EW","9, 22","","2","Supporter","SSR"
"Narrative A-Packs","13, 25","25","2","Attacker","SSR"
"Sinanju Stein","13, 25","","2","Attacker","SSR"
"Narrative C-Packs (Awakened)","13, 25","","2","Supporter","ULT"
"Narrative B-Packs","13, 25","","2","Supporter","SSR"
"II Neo Zeong","13, 25","","2","Defender","SSR"
"Attack GQx","4, 11","","2","Attacker","SSR"
"Qubeley (ZZ)","5, 10","","2","Supporter","SSR"
"SSR Dynames","15, 23","15, 23","2","Supporter","SSR"
"Nightingale","6, 28","28","2","Attacker","SSR"
"Titania","8, 11","","2","Defender","SSR"
"SSR Tallgeese III","2, 22","","2","Defender","SSR"
"SSR Burning","2, 12","","2","Defender","SSR"
"SSR Destiny","3, 28","","2","Defender","SSR"
"SSR DX","2, 19","","2","Defender","SSR"
"0 Gundam Full Armor","2, 23","","2","Defender","SSR"
"X Astray","2, 3","","2","Supporter","SSR"
"Freedom Meteor","20","","1","Supporter","SSR"
"Dragoon Strike","20","","1","Attacker","SSR"
"Destiny Impulse","3","","1","Attacker","SSR"
"Epyon","22","22","1","Attacker","SSR"
"Patulia","19","","1","Attacker","SSR"
"Deathscythe Hell","22","22","1","Attacker","SSR"
"Gusion Rebake","14","","1","Supporter","SSR"
"Shadow Gundam","12","","1","Supporter","SSR"
"Phenex (Unicorn)","25","","1","Defender","SSR"
"Sinanju","13","13","1","Attacker","SSR"
"Arios Gundam","23","23","1","Attacker","SR"
"G-Falcon GX","19","","1","Supporter","SSR"
"SSR Aerial","17","","1","Defender","SSR"
"GP01FB","4","","1","Attacker","SSR"
"Herbert's Gelgoog","1","","1","Defender","SSR"
"Psycho Gundam Mk-III","10","","1","Defender","ULT"
"Blue Destiny Unit-3","15","","1","Defender","SSR"
"XK","15","","1","Defender","SSR"
"Geymalk","10","10","1","Attacker","SSR"
"Urube's Gundam","12","","1","Supporter","ULT"
"Epyon EW","22","22","1","Attacker","ULT"
"Gundam GP03","11","","1","Attacker","SSR"
"SSR Master","12","","1","Attacker","SSR"
"Legend","3","","1","Attacker","SSR"
"Hajiroboshi","9","","1","Attacker","SSR"
"Big Zam","7","","1","Attacker","SSR"
"Schwarzette","17","17","1","Attacker","SSR"
"SSR Pharact (S2)","17","","1","Attacker","SSR"
"Zaku III Custom","10","","1","Defender","SSR"
"SSR Kampfer","1","","1","Attacker","SSR"
"Dantalion T-Booster","28","","1","Supporter","SSR"
"Leopard Destroy","19","","1","Attacker","SSR"
"AGE-1 Titus","21","","1","Attacker","SSR"
"Zeydra","21","21","1","Attacker","SSR"
"The Gundam","21","","1","Attacker","SSR"
"Defurse","21","","1","Attacker","SSR"
"Over.on (Armor Form)","10","","1","Attacker","SSR"
"G-3 Gundam","7","","1","Attacker","SSR"
"SSR Gouf Custom","7","","1","Attacker","SSR"
"SSR Duel Assault Shroud","3","","1","Attacker","SSR"
"Sandrock Custom EW","22","","1","Attacker","SSR"
"Deathscythe Hell EW","22","22","1","Attacker","SSR"
"GP03 Stamen","24","24","1","Attacker","SR"
"Amaterasu","18","","1","Defender","ULT"
"Saikoro Gundam","8","","1","Defender","SSR"
"Full Armor Hyaku-Shiki Kai","6","","1","Defender","SSR"
"Quin Mantha","10","","1","Defender","SSR"
"SSR FA Unicorn","13","","1","Defender","SSR"
"Unicorn SSR","15","","1","Defender","SSR"
"Val Walo","1","","1","Defender","SSR"
"AGE-1 02 Assault Jacket","21","","1","Defender","SSR"
"Scorpio","22","","1","Defender","SSR"
"GN Arms Type-E","23","","1","Defender","SSR"
"Cherudim GNHW/R","23","","1","Defender","SSR"
"Beta Azieru","6","","1","Supporter","ULT"
"Throne Eins Turbulenz","23","","1","Supporter","ULT"
"Satan","11","","1","Supporter","SSR"
"SSR Full Armor (Thunderbolt)","7","","1","Supporter","SSR"
"Bertigo","19","","1","Supporter","SSR"
"Gusion Rebake Full City","14","","1","Supporter","SSR"
"FA MK-III","8","","1","Supporter","SSR"
"Shining Gundam (Super Mode)","12","","1","Supporter","SSR"
"SSR Qubeley","8","","1","Supporter","SSR"
"Barbatos Adept","4","","1","Supporter","SSR"
"SSR Calibarn","17","","1","Supporter","SSR"
"AGE-1 Spallow","21","","1","Supporter","SSR"
"G-Xiphos","21","","1","Supporter","SSR"
"Blue Frame Second L","20","","1","Supporter","SSR"
"Arios GNHW/M","23","","1","Supporter","SSR"
"F80 Gunraid","27","","1","Attacker","SSR"
"SSR F91","27","","1","Supporter","SSR"
"Grand Zam","27","","1","Attacker","SSR"
"Gundam F90 II","27","","1","Defender","SSR"
"Berga-Giros (Enhanced Armament)","27","","1","Defender","SSR"
"Vigna-Zirah","27","","1","Defender","ULT"
"SSR F90 A.D.S. Type","27","27","1","Attacker","SSR"
"F90 (Mars Zeon)","27","","1","Attacker","SSR"
"Rafflesia","27","","1","Supporter","SSR"
"SSR Wing Zero EW","22","22","1","Supporter","SSR"
"Guncannon Aqua","26","26","1","Attacker","SSR"
"Grublo","26","26","1","Attacker","SSR"
"SSR Atlas","26","","1","Supporter","SSR"
"Acguy Recon Type","26","","1","Defender","SSR"
"Shamblo","26","","1","Attacker","SSR"
"Reginlaze Julia (Ground Type)","11","","1","Defender","SSR"
"Exia [Trans-Am]","23","","1","Attacker","SSR"
"Stargazer","28","","1","Defender","SSR"
"SSR Tallgeese","28","28","1","Attacker","SSR"
"SR Justice","11","11","1","Attacker","SR"