stage_id,stage_name,stage_drop_set_id,journal_pool_id,lottery_count,journal_count,pool_entry_count,weight_sum,any_journal_pct,each_journal_pct,rate_model,verification,journal_1,journal_2,journal_3,journal_4
,,3802200801,380220080108,1,1,1,1,10.0,10.0,d10 gate: P(any)=wsum×10%; then uniform among journals,Client 0x927AA9C=UI-only (no lottery). Rates: master weight_sum + Kamigame/AppMedia drop tests.,Blue Destiny Unit-2 [EXAM] Technical Journal,,,
,,3802200901,380220090101,1,1,1,1,10.0,10.0,d10 gate: P(any)=wsum×10%; then uniform among journals,Client 0x927AA9C=UI-only (no lottery). Rates: master weight_sum + Kamigame/AppMedia drop tests.,Blue Destiny Unit-3 [EXAM] Technical Journal,,,
,,3802201001,380220100104,1,2,2,100,100.0,,d100 weighted (wsum=100 → always awards one journal),Client 0x927AA9C=UI-only (no lottery). Rates: master weight_sum + Kamigame/AppMedia drop tests.,Blue Destiny Unit-2 [EXAM] Technical Journal,Blue Destiny Unit-3 [EXAM] Technical Journal,,
,,3803200801,380320080101,1,1,1,1,10.0,10.0,d10 gate: P(any)=wsum×10%; then uniform among journals,Client 0x927AA9C=UI-only (no lottery). Rates: master weight_sum + Kamigame/AppMedia drop tests.,Psycho Zaku's Technical Journal,,,
,,3803200901,380320090101,1,1,1,1,10.0,10.0,d10 gate: P(any)=wsum×10%; then uniform among journals,Client 0x927AA9C=UI-only (no lottery). Rates: master weight_sum + Kamigame/AppMedia drop tests.,Gundam Full Armor (Thunderbolt) Technical Journal,,,
,,3803201001,380320100101,1,2,2,100,100.0,,d100 weighted (wsum=100 → always awards one journal),Client 0x927AA9C=UI-only (no lottery). Rates: master weight_sum + Kamigame/AppMedia drop tests.,Psycho Zaku's Technical Journal,Gundam Full Armor (Thunderbolt) Technical Journal,,
,,3806011201,380601120102,1,2,2,100,100.0,,d100 weighted (wsum=100 → always awards one journal),Client 0x927AA9C=UI-only (no lottery). Rates: master weight_sum + Kamigame/AppMedia drop tests.,Gundam GP01Fb's Technical Journal,Val Walo's Technical Journal,,
,,3806011301,380601130102,1,2,2,100,100.0,,d100 weighted (wsum=100 → always awards one journal),Client 0x927AA9C=UI-only (no lottery). Rates: master weight_sum + Kamigame/AppMedia drop tests.,Gundam GP03 Technical Journal,Neue Ziel Technical Journal,,
,,3806011401,380601140102,1,1,1,1,10.0,10.0,d10 gate: P(any)=wsum×10%; then uniform among journals,Client 0x927AA9C=UI-only (no lottery). Rates: master weight_sum + Kamigame/AppMedia drop tests.,Gundam GP04 Technical Journal,,,
,,3830500801,383050080105,1,1,1,1,10.0,10.0,d10 gate: P(any)=wsum×10%; then uniform among journals,Client 0x927AA9C=UI-only (no lottery). Rates: master weight_sum + Kamigame/AppMedia drop tests.,Gundam Astray Gold Frame Amatsu's Technical Journal,,,
,,3830500901,383050090105,1,1,1,1,10.0,10.0,d10 gate: P(any)=wsum×10%; then uniform among journals,Client 0x927AA9C=UI-only (no lottery). Rates: master weight_sum + Kamigame/AppMedia drop tests.,Gundam Astray Blue Frame Second L's Technical Journal,,,
,,3830501001,383050100105,1,2,2,2,20.0,10.0,d10 gate: P(any)=wsum×10%; then uniform among journals,Client 0x927AA9C=UI-only (no lottery). Rates: master weight_sum + Kamigame/AppMedia drop tests.,Gundam Astray Gold Frame Amatsu's Technical Journal,Gundam Astray Blue Frame Second L's Technical Journal,,
,,3843100801,384310080102,1,1,1,1,10.0,10.0,d10 gate: P(any)=wsum×10%; then uniform among journals,Client 0x927AA9C=UI-only (no lottery). Rates: master weight_sum + Kamigame/AppMedia drop tests.,Gundam Astaroth Rinascimento Technical Journal,,,
,,3843100901,384310090102,1,1,1,1,10.0,10.0,d10 gate: P(any)=wsum×10%; then uniform among journals,Client 0x927AA9C=UI-only (no lottery). Rates: master weight_sum + Kamigame/AppMedia drop tests.,Gundam Vual Yuhana Technical Journal,,,
,,3843101001,384310100102,1,1,1,1,10.0,10.0,d10 gate: P(any)=wsum×10%; then uniform among journals,Client 0x927AA9C=UI-only (no lottery). Rates: master weight_sum + Kamigame/AppMedia drop tests.,Gundam Dantalion T-Booster Technical Journal,,,
101501,,3000101501,300010150131,1,2,2,2,20.0,10.0,d10 gate: P(any)=wsum×10%; then uniform among journals,Client 0x927AA9C=UI-only (no lottery). Rates: master weight_sum + Kamigame/AppMedia drop tests.,Gyan Eos's Technical Journal,Big Zam's Technical Journal,,
101601,,3000101601,300010160131,1,1,1,1,10.0,10.0,d10 gate: P(any)=wsum×10%; then uniform among journals,Client 0x927AA9C=UI-only (no lottery). Rates: master weight_sum + Kamigame/AppMedia drop tests.,G-3 Gundam's Technical Journal,,,
101701,,3000101701,300010170131,1,1,1,1,10.0,10.0,d10 gate: P(any)=wsum×10%; then uniform among journals,Client 0x927AA9C=UI-only (no lottery). Rates: master weight_sum + Kamigame/AppMedia drop tests.,Zeong's Technical Journal,,,
11000601,Mobile Suit Gundam: Char's Counterattack HARD STAGE 1,3011000601,301100060131,1,1,1,1,10.0,10.0,d10 gate: P(any)=wsum×10%; then uniform among journals,Client 0x927AA9C=UI-only (no lottery). Rates: master weight_sum + Kamigame/AppMedia drop tests.,Nu Gundam Technical Journal,,,
11000701,Mobile Suit Gundam: Char's Counterattack HARD STAGE 2,3011000701,301100070131,1,2,2,2,20.0,10.0,d10 gate: P(any)=wsum×10%; then uniform among journals,Client 0x927AA9C=UI-only (no lottery). Rates: master weight_sum + Kamigame/AppMedia drop tests.,Alpha Azieru Technical Journal,Sazabi Technical Journal,,
11000801,Mobile Suit Gundam: Char's Counterattack HARD STAGE 3,3011000801,301100080131,1,2,2,2,20.0,10.0,d10 gate: P(any)=wsum×10%; then uniform among journals,Client 0x927AA9C=UI-only (no lottery). Rates: master weight_sum + Kamigame/AppMedia drop tests.,Hi-Nu Gundam Technical Journal,Nightingale Technical Journal,,
12501101,,3012501101,301250110131,1,2,2,2,20.0,10.0,d10 gate: P(any)=wsum×10%; then uniform among journals,Client 0x927AA9C=UI-only (no lottery). Rates: master weight_sum + Kamigame/AppMedia drop tests.,Unicorn Gundam (Destroy Mode) Technical Journal,Sinanju Technical Journal,,
12501201,,3012501201,301250120131,1,2,2,2,20.0,10.0,d10 gate: P(any)=wsum×10%; then uniform among journals,Client 0x927AA9C=UI-only (no lottery). Rates: master weight_sum + Kamigame/AppMedia drop tests.,Banshee  (Destroy Mode) Technical Journal,Shamblo Technical Journal,,
12501301,,3012501301,301250130131,1,2,2,2,20.0,10.0,d10 gate: P(any)=wsum×10%; then uniform among journals,Client 0x927AA9C=UI-only (no lottery). Rates: master weight_sum + Kamigame/AppMedia drop tests.,Banshee Norn (Destroy Mode) Technical Journal,Kshatriya Repaired Technical Journal,,
12501401,,3012501401,301250140131,1,2,2,2,20.0,10.0,d10 gate: P(any)=wsum×10%; then uniform among journals,Client 0x927AA9C=UI-only (no lottery). Rates: master weight_sum + Kamigame/AppMedia drop tests.,Full Armor Unicorn Gundam (Destroy Mode) Technical Journal,Neo Zeong Technical Journal,,
14400501,,3014400501,301440050105,1,3,3,3,30.0,10.0,d10 gate: P(any)=wsum×10%; then uniform among journals,Client 0x927AA9C=UI-only (no lottery). Rates: master weight_sum + Kamigame/AppMedia drop tests.,Narrative Gundam B-Packs's Technical Journal,Narrative Gundam A-Packs's Technical Journal,II Neo Zeong's Technical Journal,
14400601,,3014400601,301440060105,1,3,3,3,30.0,10.0,d10 gate: P(any)=wsum×10%; then uniform among journals,Client 0x927AA9C=UI-only (no lottery). Rates: master weight_sum + Kamigame/AppMedia drop tests.,Sinanju Stein's Technical Journal,Unicorn Gundam 03 Phenex (Unicorn Mode)'s Technical Journal,Unicorn Gundam 03 Phenex (Destroy Mode)'s Technical Journal,
15000401,Mobile Suit Gundam HATHAWAY HARD STAGE 1,3015000401,301500040105,1,2,2,2,20.0,10.0,d10 gate: P(any)=wsum×10%; then uniform among journals,Client 0x927AA9C=UI-only (no lottery). Rates: master weight_sum + Kamigame/AppMedia drop tests.,Penelope Technical Journal,Xi Gundam Technical Journal,,
20001101,,3020001101,302000110131,1,3,3,3,30.0,10.0,d10 gate: P(any)=wsum×10%; then uniform among journals,Client 0x927AA9C=UI-only (no lottery). Rates: master weight_sum + Kamigame/AppMedia drop tests.,Shadow Gundam's Technical Journal,Master Gundam's Technical Journal,Dark Gundam (First Form)'s Technical Journal,
20001901,,3020001901,302000190131,1,2,2,2,20.0,10.0,d10 gate: P(any)=wsum×10%; then uniform among journals,Client 0x927AA9C=UI-only (no lottery). Rates: master weight_sum + Kamigame/AppMedia drop tests.,Dark Gundam (Final Form) Technical Journal,Grand Master Gundam Technical Journal,,
20002001,,3020002001,302000200131,1,1,1,1,10.0,10.0,d10 gate: P(any)=wsum×10%; then uniform among journals,Client 0x927AA9C=UI-only (no lottery). Rates: master weight_sum + Kamigame/AppMedia drop tests.,Burning Gundam Technical Journal,,,
21001801,,3021001801,302100180131,1,1,1,1,10.0,10.0,d10 gate: P(any)=wsum×10%; then uniform among journals,Client 0x927AA9C=UI-only (no lottery). Rates: master weight_sum + Kamigame/AppMedia drop tests.,Tallgeese II's Technical Journal,,,
21001901,,3021001901,302100190131,1,1,1,1,10.0,10.0,d10 gate: P(any)=wsum×10%; then uniform among journals,Client 0x927AA9C=UI-only (no lottery). Rates: master weight_sum + Kamigame/AppMedia drop tests.,Gundam Epyon's Technical Journal,,,
21002001,,3021002001,302100200131,1,3,3,3,30.0,10.0,d10 gate: P(any)=wsum×10%; then uniform among journals,Client 0x927AA9C=UI-only (no lottery). Rates: master weight_sum + Kamigame/AppMedia drop tests.,Altron Gundam's Technical Journal,Wing Gundam Zero's Technical Journal,Gundam Deathscythe Hell's Technical Journal,
21900601,,3021900601,302190060105,1,2,2,2,20.0,10.0,d10 gate: P(any)=wsum×10%; then uniform among journals,Client 0x927AA9C=UI-only (no lottery). Rates: master weight_sum + Kamigame/AppMedia drop tests.,Gundam Deathscythe Hell (EW)'s Technical Journal,Altron Gundam (EW)'s Technical Journal,,
21900701,,3021900701,302190070105,1,2,2,2,20.0,10.0,d10 gate: P(any)=wsum×10%; then uniform among journals,Client 0x927AA9C=UI-only (no lottery). Rates: master weight_sum + Kamigame/AppMedia drop tests.,Gundam Heavyarms Custom (EW)'s Technical Journal,Gundam Sandrock Custom (EW)'s Technical Journal,,
21900801,,3021900801,302190080105,1,2,2,2,20.0,10.0,d10 gate: P(any)=wsum×10%; then uniform among journals,Client 0x927AA9C=UI-only (no lottery). Rates: master weight_sum + Kamigame/AppMedia drop tests.,Wing Gundam Zero (EW)'s Technical Journal,Tallgeese III's Technical Journal,,
23000901,,3023000901,302300090131,1,3,3,3,30.0,10.0,d10 gate: P(any)=wsum×10%; then uniform among journals,Client 0x927AA9C=UI-only (no lottery). Rates: master weight_sum + Kamigame/AppMedia drop tests.,Patulia's Technical Journal,Gundam X Divider's Technical Journal,Bertigo's Technical Journal,
23002001,,3023002001,302300200105,1,2,2,2,20.0,10.0,d10 gate: P(any)=wsum×10%; then uniform among journals,Client 0x927AA9C=UI-only (no lottery). Rates: master weight_sum + Kamigame/AppMedia drop tests.,Gundam Airmaster Burst Technical Journal,Gundam Leopard Destroy Technical Journal,,
23002101,,3023002101,302300210105,1,2,2,2,20.0,10.0,d10 gate: P(any)=wsum×10%; then uniform among journals,Client 0x927AA9C=UI-only (no lottery). Rates: master weight_sum + Kamigame/AppMedia drop tests.,Gundam Ashtaron Hermit Crab Technical Journal,Gundam Double X Technical Journal,,
23002201,,3023002201,302300220105,1,2,2,2,20.0,10.0,d10 gate: P(any)=wsum×10%; then uniform among journals,Client 0x927AA9C=UI-only (no lottery). Rates: master weight_sum + Kamigame/AppMedia drop tests.,Gundam Virsago Chest Break Technical Journal,G-Falcon DX Technical Journal,,
30001801,,3030001801,303000180131,1,1,1,1,10.0,10.0,d10 gate: P(any)=wsum×10%; then uniform among journals,Client 0x927AA9C=UI-only (no lottery). Rates: master weight_sum + Kamigame/AppMedia drop tests.,Perfect Strike Gundam's Technical Journal,,,
30001901,,3030001901,303000190131,1,2,2,2,20.0,10.0,d10 gate: P(any)=wsum×10%; then uniform among journals,Client 0x927AA9C=UI-only (no lottery). Rates: master weight_sum + Kamigame/AppMedia drop tests.,Justice Gundam METEOR's Technical Journal,Freedom Gundam METEOR's Technical Journal,,
30002001,,3030002001,303000200131,1,1,1,1,10.0,10.0,d10 gate: P(any)=wsum×10%; then uniform among journals,Client 0x927AA9C=UI-only (no lottery). Rates: master weight_sum + Kamigame/AppMedia drop tests.,Providence Gundam's Technical Journal,,,
31002001,Mobile Suit Gundam SEED Recollection HARD STAGE 1,3031002001,303100200131,1,2,2,2,20.0,10.0,d10 gate: P(any)=wsum×10%; then uniform among journals,Client 0x927AA9C=UI-only (no lottery). Rates: master weight_sum + Kamigame/AppMedia drop tests.,Murasame Flight-Capable Test Type's Technical Journal,DRAGOON Strike's Technical Journal,,
33001501,Mobile Suit Gundam SEED Destiny HARD STAGE 1,3033001501,303300150131,1,3,3,3,30.0,10.0,d10 gate: P(any)=wsum×10%; then uniform among journals,Client 0x927AA9C=UI-only (no lottery). Rates: master weight_sum + Kamigame/AppMedia drop tests.,Destiny Gundam Technical Journal,Destroy Gundam Technical Journal,Legend Gundam Technical Journal,
33002401,Mobile Suit Gundam SEED Destiny HARD STAGE 2,3033002401,303300240105,1,3,3,3,30.0,10.0,d10 gate: P(any)=wsum×10%; then uniform among journals,Client 0x927AA9C=UI-only (no lottery). Rates: master weight_sum + Kamigame/AppMedia drop tests.,Strike Freedom Gundam Technical Journal,Infinite Justice Gundam Technical Journal,Shiranui Akatsuki Technical Journal,
33002501,Mobile Suit Gundam SEED Destiny HARD STAGE 3,3033002501,303300250105,1,2,2,2,20.0,10.0,d10 gate: P(any)=wsum×10%; then uniform among journals,Client 0x927AA9C=UI-only (no lottery). Rates: master weight_sum + Kamigame/AppMedia drop tests.,Strike Freedom Gundam (METEOR) Technical Journal,Infinite Justice Gundam (METEOR) Technical Journal,,
37001201,,3037001201,303700120131,1,3,3,3,30.0,10.0,d10 gate: P(any)=wsum×10%; then uniform among journals,Client 0x927AA9C=UI-only (no lottery). Rates: master weight_sum + Kamigame/AppMedia drop tests.,Alvatore's Technical Journal,GN Arms Type-E's Technical Journal,GN Arms Type-D's Technical Journal,
37002601,,3037002601,303700260105,1,2,2,2,20.0,10.0,d10 gate: P(any)=wsum×10%; then uniform among journals,Client 0x927AA9C=UI-only (no lottery). Rates: master weight_sum + Kamigame/AppMedia drop tests.,00 Raiser's Technical Journal,Susanowo's Technical Journal,,
37002701,,3037002701,303700270105,1,3,3,3,30.0,10.0,d10 gate: P(any)=wsum×10%; then uniform among journals,Client 0x927AA9C=UI-only (no lottery). Rates: master weight_sum + Kamigame/AppMedia drop tests.,Arios Gundam GNHW/M's Technical Journal,Seravee Gundam GNHW/B's Technical Journal,0 Gundam Full Armor's Technical Journal,
37002801,,3037002801,303700280105,1,2,2,2,20.0,10.0,d10 gate: P(any)=wsum×10%; then uniform among journals,Client 0x927AA9C=UI-only (no lottery). Rates: master weight_sum + Kamigame/AppMedia drop tests.,Cherudim Gundam GNHW/R's Technical Journal,Arche Gundam's Technical Journal,,
37002901,,3037002901,303700290105,1,3,3,3,30.0,10.0,d10 gate: P(any)=wsum×10%; then uniform among journals,Client 0x927AA9C=UI-only (no lottery). Rates: master weight_sum + Kamigame/AppMedia drop tests.,00 Raiser Final Battle Type's Technical Journal,Regnant's Technical Journal,Reborns Gundam's Technical Journal,
40005001,Mobile Suit Gundam AGE HARD STAGE 1,3040005001,304000500105,1,2,2,2,20.0,10.0,d10 gate: P(any)=wsum×10%; then uniform among journals,Client 0x927AA9C=UI-only (no lottery). Rates: master weight_sum + Kamigame/AppMedia drop tests.,Gundam AGE-1 Titus Technical Journal,Gundam AGE-1 Spallow Technical Journal,,
40005101,Mobile Suit Gundam AGE HARD STAGE 2,3040005101,304000510105,1,2,2,2,20.0,10.0,d10 gate: P(any)=wsum×10%; then uniform among journals,Client 0x927AA9C=UI-only (no lottery). Rates: master weight_sum + Kamigame/AppMedia drop tests.,Defurse Technical Journal,Gundam AGE-1 02 Assault Jacket Technical Journal,,
40005201,Mobile Suit Gundam AGE HARD STAGE 3,3040005201,304000520105,1,2,2,2,20.0,10.0,d10 gate: P(any)=wsum×10%; then uniform among journals,Client 0x927AA9C=UI-only (no lottery). Rates: master weight_sum + Kamigame/AppMedia drop tests.,Gundam AGE-2 Normal Technical Journal,Khronos Technical Journal,,
40005301,Mobile Suit Gundam AGE HARD STAGE 4,3040005301,304000530105,1,3,3,3,30.0,10.0,d10 gate: P(any)=wsum×10%; then uniform among journals,Client 0x927AA9C=UI-only (no lottery). Rates: master weight_sum + Kamigame/AppMedia drop tests.,Zeydra Technical Journal,Gundam AGE-2 Double Bullet Technical Journal,Gundam AGE-2 Artimes Technical Journal,
43001401,,3043001401,304300140131,1,3,3,3,30.0,10.0,d10 gate: P(any)=wsum×10%; then uniform among journals,Client 0x927AA9C=UI-only (no lottery). Rates: master weight_sum + Kamigame/AppMedia drop tests.,Graze Ein's Technical Journal,Gundam Gusion Rebake's Technical Journal,Gundam Barbatos 6th Form's Technical Journal,
43002501,,3043002501,304300250131,1,2,2,2,20.0,10.0,d10 gate: P(any)=wsum×10%; then uniform among journals,Client 0x927AA9C=UI-only (no lottery). Rates: master weight_sum + Kamigame/AppMedia drop tests.,Hashmal Technical Journal,"Gundam Flauros ""Ryusei-Go"" Technical Journal",,
43002601,,3043002601,304300260131,1,2,2,2,20.0,10.0,d10 gate: P(any)=wsum×10%; then uniform among journals,Client 0x927AA9C=UI-only (no lottery). Rates: master weight_sum + Kamigame/AppMedia drop tests.,Gundam Gusion Rebake Full City Technical Journal,Gundam Barbatos Lupus Technical Journal,,
43003301,,3043003301,304300330131,1,2,2,2,20.0,10.0,d10 gate: P(any)=wsum×10%; then uniform among journals,Client 0x927AA9C=UI-only (no lottery). Rates: master weight_sum + Kamigame/AppMedia drop tests.,Gundam Bael Technical Journal,Gundam Kimaris Vidar Technical Journal,,
43003401,,3043003401,304300340131,1,2,2,2,20.0,10.0,d10 gate: P(any)=wsum×10%; then uniform among journals,Client 0x927AA9C=UI-only (no lottery). Rates: master weight_sum + Kamigame/AppMedia drop tests.,Gundam Barbatos Lupus RexTechnical Journal,Reginlaze Julia (Ground Type) Technical Journal,,
50100801,,3050100801,305010080131,1,3,3,3,30.0,10.0,d10 gate: P(any)=wsum×10%; then uniform among journals,Client 0x927AA9C=UI-only (no lottery). Rates: master weight_sum + Kamigame/AppMedia drop tests.,Gundam Aerial Rebuild's Technical Journal,Gundam Lfrith Ur's Technical Journal,Gundam Lfrith Thorn's Technical Journal,
50101501,,3050101501,305010150105,1,3,3,3,30.0,10.0,d10 gate: P(any)=wsum×10%; then uniform among journals,Client 0x927AA9C=UI-only (no lottery). Rates: master weight_sum + Kamigame/AppMedia drop tests.,Michaelis (Season 2) Technical Journal,Darilbalde (Season 2) Technical Journal,Gundam Pharact (Season 2) Technical Journal,
50101601,,3050101601,305010160105,1,2,2,2,20.0,10.0,d10 gate: P(any)=wsum×10%; then uniform among journals,Client 0x927AA9C=UI-only (no lottery). Rates: master weight_sum + Kamigame/AppMedia drop tests.,Gundam Calibarn Technical Journal,Gundam Schwarzette Technical Journal,,
8101601,,3008101601,300810160131,1,2,2,2,20.0,10.0,d10 gate: P(any)=wsum×10%; then uniform among journals,Client 0x927AA9C=UI-only (no lottery). Rates: master weight_sum + Kamigame/AppMedia drop tests.,Zeta Gundam's Technical Journal,Hyaku Shiki's Technical Journal,,
8101701,,3008101701,300810170131,1,1,1,1,10.0,10.0,d10 gate: P(any)=wsum×10%; then uniform among journals,Client 0x927AA9C=UI-only (no lottery). Rates: master weight_sum + Kamigame/AppMedia drop tests.,Psycho Gundam's Technical Journal,,,
8101801,,3008101801,300810180131,1,2,2,2,20.0,10.0,d10 gate: P(any)=wsum×10%; then uniform among journals,Client 0x927AA9C=UI-only (no lottery). Rates: master weight_sum + Kamigame/AppMedia drop tests.,The-O's Technical Journal,Qubeley's Technical Journal,,
9501901,,3009501901,300950190131,1,1,1,1,10.0,10.0,d10 gate: P(any)=wsum×10%; then uniform among journals,Client 0x927AA9C=UI-only (no lottery). Rates: master weight_sum + Kamigame/AppMedia drop tests.,Full Armor ZZ Gundam's Technical Journal,,,
9502001,,3009502001,300950200131,1,3,3,3,30.0,10.0,d10 gate: P(any)=wsum×10%; then uniform among journals,Client 0x927AA9C=UI-only (no lottery). Rates: master weight_sum + Kamigame/AppMedia drop tests.,Geymalk's Technical Journal,Zaku III Custom's Technical Journal,Qubeley (ZZ)'s Technical Journal,
9502101,,3009502101,300950210131,1,1,1,1,10.0,10.0,d10 gate: P(any)=wsum×10%; then uniform among journals,Client 0x927AA9C=UI-only (no lottery). Rates: master weight_sum + Kamigame/AppMedia drop tests.,Quin Mantha's Technical Journal,,,
